"time","A-series"
2026-09-06 14:42:16,94.7
2026-09-06 14:42:16,94.9
2026-09-06 14:42:17,94.4
2026-09-06 14:42:17,94.4
2026-09-06 14:42:18,94.6
2026-09-06 14:42:18,94.7
2026-09-06 14:42:19,94.3
2026-09-06 14:42:19,94.4
2026-09-06 14:42:20,94.8
2026-09-06 14:42:20,95.0
2026-09-06 14:42:21,94.8
2026-09-06 14:42:21,94.6
2026-09-06 14:42:22,94.3
2026-09-06 14:42:22,93.8
2026-09-06 14:42:23,93.5
2026-09-06 14:42:23,93.1
2026-09-06 14:42:24,93.1
2026-09-06 14:42:24,92.7
2026-09-06 14:42:25,92.5
2026-09-06 14:42:25,92.8
2026-09-06 14:42:26,92.8
2026-09-06 14:42:26,93.2
2026-09-06 14:42:27,93.5
2026-09-06 14:42:27,93.1
2026-09-06 14:42:28,93.1
2026-09-06 14:42:28,92.9
2026-09-06 14:42:29,92.5
2026-09-06 14:42:29,92.6
2026-09-06 14:42:30,92.5
2026-09-06 14:42:30,92.6
2026-09-06 14:42:31,93.0
2026-09-06 14:42:31,93.1
2026-09-06 14:42:32,93.3
2026-09-06 14:42:32,93.4
2026-09-06 14:42:33,93.2
2026-09-06 14:42:33,93.6
2026-09-06 14:42:34,93.1
2026-09-06 14:42:34,93.5
2026-09-06 14:42:35,93.7
2026-09-06 14:42:35,93.4
2026-09-06 14:42:36,93.8
2026-09-06 14:42:36,94.3
2026-09-06 14:42:37,94.5
2026-09-06 14:42:37,94.9
2026-09-06 14:42:38,94.8
2026-09-06 14:42:38,94.9
2026-09-06 14:42:39,94.4
2026-09-06 14:42:39,94.4
2026-09-06 14:42:40,94.7
2026-09-06 14:42:40,94.4
2026-09-06 14:42:41,94.6
2026-09-06 14:42:41,94.5
2026-09-06 14:42:42,94.5
2026-09-06 14:42:42,94.4
2026-09-06 14:42:43,94.7
2026-09-06 14:42:43,95.1
2026-09-06 14:42:44,95.2
2026-09-06 14:42:44,95.1
2026-09-06 14:42:45,95.5
2026-09-06 14:42:45,95.7
2026-09-06 14:42:46,95.2
2026-09-06 14:42:46,95.6
2026-09-06 14:42:47,95.6
2026-09-06 14:42:47,95.9
2026-09-06 14:42:48,95.8
2026-09-06 14:42:48,96.3
2026-09-06 14:42:49,96.1
2026-09-06 14:42:49,96.0
2026-09-06 14:42:50,95.5
2026-09-06 14:42:50,95.3
2026-09-06 14:42:51,95.5
2026-09-06 14:42:51,95.2
2026-09-06 14:42:52,94.9
2026-09-06 14:42:52,94.6
2026-09-06 14:42:53,94.1
2026-09-06 14:42:53,94.2
2026-09-06 14:42:54,94.4
2026-09-06 14:42:54,94.1
2026-09-06 14:42:55,94.3
2026-09-06 14:42:55,94.6
2026-09-06 14:42:56,94.3
2026-09-06 14:42:56,94.1
2026-09-06 14:42:57,94.2
2026-09-06 14:42:57,94.4
2026-09-06 14:42:58,94.1
2026-09-06 14:42:58,94.1
2026-09-06 14:42:59,94.1
2026-09-06 14:42:59,94.3
2026-09-06 14:43:00,93.8
2026-09-06 14:43:00,93.5
2026-09-06 14:43:01,93.7
2026-09-06 14:43:01,93.8
2026-09-06 14:43:02,93.6
2026-09-06 14:43:02,93.2
2026-09-06 14:43:03,93.3
2026-09-06 14:43:03,93.5
2026-09-06 14:43:04,94.0
2026-09-06 14:43:04,93.6
2026-09-06 14:43:05,93.7
2026-09-06 14:43:05,93.8
2026-09-06 14:43:06,94.1
2026-09-06 14:43:06,93.8
2026-09-06 14:43:07,93.9
2026-09-06 14:43:07,94.1
2026-09-06 14:43:08,94.4
2026-09-06 14:43:08,94.4
2026-09-06 14:43:09,94.2
2026-09-06 14:43:09,94.6
2026-09-06 14:43:10,94.7
2026-09-06 14:43:10,94.4
2026-09-06 14:43:11,94.0
2026-09-06 14:43:11,94.2
2026-09-06 14:43:12,94.5
2026-09-06 14:43:12,94.4
2026-09-06 14:43:13,94.9
2026-09-06 14:43:13,94.6
2026-09-06 14:43:14,94.7
2026-09-06 14:43:14,94.3
2026-09-06 14:43:15,94.3
2026-09-06 14:43:15,93.9
2026-09-06 14:43:16,93.8
2026-09-06 14:43:16,94.1
2026-09-06 14:43:17,94.4
2026-09-06 14:43:17,94.8
2026-09-06 14:43:18,94.4
2026-09-06 14:43:18,94.2
2026-09-06 14:43:19,94.6
2026-09-06 14:43:19,94.3
2026-09-06 14:43:20,94.2
2026-09-06 14:43:20,94.5
2026-09-06 14:43:21,94.3
2026-09-06 14:43:21,94.3
2026-09-06 14:43:22,93.9
2026-09-06 14:43:22,94.2
2026-09-06 14:43:23,94.4
2026-09-06 14:43:23,94.7
2026-09-06 14:43:24,94.8
2026-09-06 14:43:24,95.1
2026-09-06 14:43:25,95.5
2026-09-06 14:43:25,95.4
2026-09-06 14:43:26,95.6
2026-09-06 14:43:26,95.7
2026-09-06 14:43:27,95.7
2026-09-06 14:43:27,95.8
2026-09-06 14:43:28,95.6
2026-09-06 14:43:28,95.2
2026-09-06 14:43:29,95.6
2026-09-06 14:43:29,95.2
2026-09-06 14:43:30,95.4
2026-09-06 14:43:30,95.6
2026-09-06 14:43:31,95.7
2026-09-06 14:43:31,95.6
2026-09-06 14:43:32,95.4
2026-09-06 14:43:32,95.0
2026-09-06 14:43:33,94.5
2026-09-06 14:43:33,94.3
2026-09-06 14:43:34,94.5
2026-09-06 14:43:34,94.8
2026-09-06 14:43:35,95.3
2026-09-06 14:43:35,95.0
2026-09-06 14:43:36,95.0
2026-09-06 14:43:36,95.0
2026-09-06 14:43:37,95.1
2026-09-06 14:43:37,95.0
2026-09-06 14:43:38,94.6
2026-09-06 14:43:38,94.2
2026-09-06 14:43:39,94.2
2026-09-06 14:43:39,94.6
2026-09-06 14:43:40,94.6
2026-09-06 14:43:40,94.9
2026-09-06 14:43:41,94.4
2026-09-06 14:43:41,94.7
2026-09-06 14:43:42,94.6
2026-09-06 14:43:42,94.7
2026-09-06 14:43:43,95.0
2026-09-06 14:43:43,94.8
2026-09-06 14:43:44,94.6
2026-09-06 14:43:44,94.6
2026-09-06 14:43:45,94.2
2026-09-06 14:43:45,94.3
2026-09-06 14:43:46,94.8
2026-09-06 14:43:46,95.2
2026-09-06 14:43:47,95.4
2026-09-06 14:43:47,95.3
2026-09-06 14:43:48,95.5
2026-09-06 14:43:48,95.5
2026-09-06 14:43:49,95.9
2026-09-06 14:43:49,95.5
2026-09-06 14:43:50,95.3
2026-09-06 14:43:50,95.1
2026-09-06 14:43:51,94.9
2026-09-06 14:43:51,94.7
2026-09-06 14:43:52,95.2
2026-09-06 14:43:52,95.3
2026-09-06 14:43:53,95.0
2026-09-06 14:43:53,95.4
2026-09-06 14:43:54,95.1
2026-09-06 14:43:54,95.0
2026-09-06 14:43:55,95.4
2026-09-06 14:43:55,95.7
2026-09-06 14:43:56,95.9
2026-09-06 14:43:56,95.9
2026-09-06 14:43:57,95.8
2026-09-06 14:43:57,95.7
2026-09-06 14:43:58,95.4
2026-09-06 14:43:58,95.1
2026-09-06 14:43:59,95.6
2026-09-06 14:43:59,95.9
2026-09-06 14:44:00,95.5
2026-09-06 14:44:00,95.8
2026-09-06 14:44:01,95.7
2026-09-06 14:44:01,95.5
2026-09-06 14:44:02,95.7
2026-09-06 14:44:02,95.4
2026-09-06 14:44:03,95.8
2026-09-06 14:44:03,95.3
2026-09-06 14:44:04,95.3
2026-09-06 14:44:04,95.5
2026-09-06 14:44:05,95.4
2026-09-06 14:44:05,95.5
2026-09-06 14:44:06,95.2
2026-09-06 14:44:06,95.6
2026-09-06 14:44:07,96.1
2026-09-06 14:44:07,96.5
2026-09-06 14:44:08,96.4
2026-09-06 14:44:08,96.0
2026-09-06 14:44:09,96.5
2026-09-06 14:44:09,96.3
2026-09-06 14:44:10,95.8
2026-09-06 14:44:10,95.4
2026-09-06 14:44:11,95.3
2026-09-06 14:44:11,95.3
2026-09-06 14:44:12,95.0
2026-09-06 14:44:12,95.1
2026-09-06 14:44:13,94.7
2026-09-06 14:44:13,94.4
2026-09-06 14:44:14,93.9
2026-09-06 14:44:14,94.4
2026-09-06 14:44:15,94.0
2026-09-06 14:44:15,93.9
2026-09-06 14:44:16,94.3
2026-09-06 14:44:16,94.5
2026-09-06 14:44:17,94.3
2026-09-06 14:44:17,94.7
2026-09-06 14:44:18,94.7
2026-09-06 14:44:18,94.3
2026-09-06 14:44:19,93.8
2026-09-06 14:44:19,94.0
2026-09-06 14:44:20,93.7
2026-09-06 14:44:20,93.5
2026-09-06 14:44:21,93.1
2026-09-06 14:44:21,92.8
2026-09-06 14:44:22,92.6
2026-09-06 14:44:22,93.1
2026-09-06 14:44:23,93.4
2026-09-06 14:44:23,93.5
2026-09-06 14:44:24,93.5
2026-09-06 14:44:24,93.1
2026-09-06 14:44:25,92.9
2026-09-06 14:44:25,92.5
2026-09-06 14:44:26,93.0
2026-09-06 14:44:26,92.8
2026-09-06 14:44:27,92.8
2026-09-06 14:44:27,92.6
2026-09-06 14:44:28,92.4
2026-09-06 14:44:28,92.2
2026-09-06 14:44:29,92.7
2026-09-06 14:44:29,92.6
2026-09-06 14:44:30,92.7
2026-09-06 14:44:30,92.7
2026-09-06 14:44:31,92.2
2026-09-06 14:44:31,92.4
2026-09-06 14:44:32,92.6
2026-09-06 14:44:32,92.2
2026-09-06 14:44:33,92.3
2026-09-06 14:44:33,92.7
2026-09-06 14:44:34,92.6
2026-09-06 14:44:34,92.9
2026-09-06 14:44:35,92.5
2026-09-06 14:44:35,92.1
2026-09-06 14:44:36,91.9
2026-09-06 14:44:36,92.4
2026-09-06 14:44:37,92.0
2026-09-06 14:44:37,92.3
2026-09-06 14:44:38,92.7
2026-09-06 14:44:38,92.4
2026-09-06 14:44:39,92.1
2026-09-06 14:44:39,91.9
2026-09-06 14:44:40,92.3
2026-09-06 14:44:40,92.3
2026-09-06 14:44:41,92.5
2026-09-06 14:44:41,93.0
2026-09-06 14:44:42,92.7
2026-09-06 14:44:42,92.3
2026-09-06 14:44:43,92.7
2026-09-06 14:44:43,92.3
2026-09-06 14:44:44,92.0
2026-09-06 14:44:44,92.4
2026-09-06 14:44:45,92.8
2026-09-06 14:44:45,92.7
2026-09-06 14:44:46,92.7
2026-09-06 14:44:46,92.7
2026-09-06 14:44:47,92.8
2026-09-06 14:44:47,92.5
2026-09-06 14:44:48,92.8
2026-09-06 14:44:48,92.8
2026-09-06 14:44:49,93.1
2026-09-06 14:44:49,93.2
2026-09-06 14:44:50,92.8
2026-09-06 14:44:50,92.8
2026-09-06 14:44:51,92.7
2026-09-06 14:44:51,92.5
2026-09-06 14:44:52,92.6
2026-09-06 14:44:52,93.1
2026-09-06 14:44:53,93.5
2026-09-06 14:44:53,93.6
2026-09-06 14:44:54,93.7
2026-09-06 14:44:54,94.1
2026-09-06 14:44:55,94.0
2026-09-06 14:44:55,94.0
2026-09-06 14:44:56,94.2
2026-09-06 14:44:56,94.4
2026-09-06 14:44:57,94.2
2026-09-06 14:44:57,94.3
2026-09-06 14:44:58,94.3
2026-09-06 14:44:58,94.2
2026-09-06 14:44:59,94.4
2026-09-06 14:44:59,94.7
2026-09-06 14:45:00,94.8
2026-09-06 14:45:00,94.8
2026-09-06 14:45:01,94.9
2026-09-06 14:45:01,95.2
2026-09-06 14:45:02,95.1
2026-09-06 14:45:02,95.0
2026-09-06 14:45:03,95.2
2026-09-06 14:45:03,95.7
2026-09-06 14:45:04,95.2
2026-09-06 14:45:04,94.9
2026-09-06 14:45:05,94.8
2026-09-06 14:45:05,94.9
2026-09-06 14:45:06,94.7
2026-09-06 14:45:06,94.5
2026-09-06 14:45:07,94.5
2026-09-06 14:45:07,94.5
2026-09-06 14:45:08,94.0
2026-09-06 14:45:08,94.4
2026-09-06 14:45:09,94.5
2026-09-06 14:45:09,94.2
2026-09-06 14:45:10,93.7
2026-09-06 14:45:10,93.6
2026-09-06 14:45:11,93.9
2026-09-06 14:45:11,94.2
2026-09-06 14:45:12,94.7
2026-09-06 14:45:12,94.3
2026-09-06 14:45:13,94.7
2026-09-06 14:45:13,94.3
2026-09-06 14:45:14,93.9
2026-09-06 14:45:14,94.2
2026-09-06 14:45:15,94.7
2026-09-06 14:45:15,94.7
2026-09-06 14:45:16,95.1
2026-09-06 14:45:16,94.7
2026-09-06 14:45:17,94.3
2026-09-06 14:45:17,94.0
2026-09-06 14:45:18,93.9
2026-09-06 14:45:18,94.1
2026-09-06 14:45:19,94.1
2026-09-06 14:45:19,93.9
2026-09-06 14:45:20,94.2
2026-09-06 14:45:20,93.9
2026-09-06 14:45:21,93.8
2026-09-06 14:45:21,94.2
2026-09-06 14:45:22,94.3
2026-09-06 14:45:22,94.7
2026-09-06 14:45:23,94.9
2026-09-06 14:45:23,95.4
2026-09-06 14:45:24,95.4
2026-09-06 14:45:24,95.3
2026-09-06 14:45:25,95.0
2026-09-06 14:45:25,94.8
2026-09-06 14:45:26,95.0
2026-09-06 14:45:26,94.6
2026-09-06 14:45:27,95.0
2026-09-06 14:45:27,94.8
2026-09-06 14:45:28,95.0
2026-09-06 14:45:28,95.1
2026-09-06 14:45:29,95.4
2026-09-06 14:45:29,95.7
2026-09-06 14:45:30,95.5
2026-09-06 14:45:30,95.5
2026-09-06 14:45:31,95.9
2026-09-06 14:45:31,96.4
2026-09-06 14:45:32,96.4
2026-09-06 14:45:32,96.5
2026-09-06 14:45:33,96.9
2026-09-06 14:45:33,97.0
2026-09-06 14:45:34,96.7
2026-09-06 14:45:34,96.5
2026-09-06 14:45:35,96.1
2026-09-06 14:45:35,95.9
2026-09-06 14:45:36,95.8
2026-09-06 14:45:36,95.5
2026-09-06 14:45:37,95.4
2026-09-06 14:45:37,95.5
2026-09-06 14:45:38,95.1
2026-09-06 14:45:38,95.4
2026-09-06 14:45:39,95.4
2026-09-06 14:45:39,95.0
2026-09-06 14:45:40,94.9
2026-09-06 14:45:40,95.0
2026-09-06 14:45:41,95.5
2026-09-06 14:45:41,95.8
2026-09-06 14:45:42,95.4
2026-09-06 14:45:42,95.6
2026-09-06 14:45:43,95.8
2026-09-06 14:45:43,95.8
2026-09-06 14:45:44,96.1
2026-09-06 14:45:44,95.6
2026-09-06 14:45:45,95.9
2026-09-06 14:45:45,96.0
2026-09-06 14:45:46,95.8
2026-09-06 14:45:46,96.0
2026-09-06 14:45:47,95.8
2026-09-06 14:45:47,95.8
2026-09-06 14:45:48,96.0
2026-09-06 14:45:48,95.8
2026-09-06 14:45:49,95.8
2026-09-06 14:45:49,95.5
2026-09-06 14:45:50,95.8
2026-09-06 14:45:50,95.8
2026-09-06 14:45:51,96.2
2026-09-06 14:45:51,96.1
2026-09-06 14:45:52,95.9
2026-09-06 14:45:52,95.8
2026-09-06 14:45:53,95.9
2026-09-06 14:45:53,96.1
2026-09-06 14:45:54,96.2
2026-09-06 14:45:54,96.5
2026-09-06 14:45:55,96.9
2026-09-06 14:45:55,97.2
2026-09-06 14:45:56,97.3
2026-09-06 14:45:56,97.1
2026-09-06 14:45:57,96.7
2026-09-06 14:45:57,96.4
2026-09-06 14:45:58,96.5
2026-09-06 14:45:58,96.4
2026-09-06 14:45:59,96.2
2026-09-06 14:45:59,95.8
2026-09-06 14:46:00,95.6
2026-09-06 14:46:00,95.8
2026-09-06 14:46:01,96.2
2026-09-06 14:46:01,96.5
2026-09-06 14:46:02,96.3
2026-09-06 14:46:02,96.6
2026-09-06 14:46:03,96.6
2026-09-06 14:46:03,96.5
2026-09-06 14:46:04,96.4
2026-09-06 14:46:04,96.4
2026-09-06 14:46:05,96.2
2026-09-06 14:46:05,96.1
2026-09-06 14:46:06,95.7
2026-09-06 14:46:06,95.4
2026-09-06 14:46:07,95.6
2026-09-06 14:46:07,96.0
2026-09-06 14:46:08,96.4
2026-09-06 14:46:08,96.4
2026-09-06 14:46:09,96.1
2026-09-06 14:46:09,96.4
2026-09-06 14:46:10,96.8
2026-09-06 14:46:10,96.4
2026-09-06 14:46:11,96.0
2026-09-06 14:46:11,96.1
2026-09-06 14:46:12,95.9
2026-09-06 14:46:12,95.9
2026-09-06 14:46:13,95.9
2026-09-06 14:46:13,96.3
2026-09-06 14:46:14,96.8
2026-09-06 14:46:14,96.8
2026-09-06 14:46:15,96.6
2026-09-06 14:46:15,97.0
2026-09-06 14:46:16,97.1
2026-09-06 14:46:16,97.3
2026-09-06 14:46:17,97.2
2026-09-06 14:46:17,97.6
2026-09-06 14:46:18,97.7
2026-09-06 14:46:18,97.3
2026-09-06 14:46:19,97.4
2026-09-06 14:46:19,97.9
2026-09-06 14:46:20,97.8
2026-09-06 14:46:20,97.4
2026-09-06 14:46:21,96.9
2026-09-06 14:46:21,96.7
2026-09-06 14:46:22,97.1
2026-09-06 14:46:22,97.3
2026-09-06 14:46:23,97.1
2026-09-06 14:46:23,96.6
2026-09-06 14:46:24,96.8
2026-09-06 14:46:24,97.2
2026-09-06 14:46:25,97.3
2026-09-06 14:46:25,97.2
2026-09-06 14:46:26,97.0
2026-09-06 14:46:26,97.1
2026-09-06 14:46:27,96.8
2026-09-06 14:46:27,97.0
2026-09-06 14:46:28,97.1
2026-09-06 14:46:28,97.5
2026-09-06 14:46:29,97.7
2026-09-06 14:46:29,97.3
2026-09-06 14:46:30,97.0
2026-09-06 14:46:30,97.4
2026-09-06 14:46:31,96.9
2026-09-06 14:46:31,97.3
2026-09-06 14:46:32,97.6
2026-09-06 14:46:32,97.6
2026-09-06 14:46:33,97.7
2026-09-06 14:46:33,97.8
2026-09-06 14:46:34,98.1
2026-09-06 14:46:34,98.3
2026-09-06 14:46:35,98.0
2026-09-06 14:46:35,98.2
2026-09-06 14:46:36,98.0
2026-09-06 14:46:36,98.2
2026-09-06 14:46:37,98.3
2026-09-06 14:46:37,98.0
2026-09-06 14:46:38,97.8
2026-09-06 14:46:38,98.2
2026-09-06 14:46:39,97.9
2026-09-06 14:46:39,98.0
2026-09-06 14:46:40,97.7
2026-09-06 14:46:40,97.5
2026-09-06 14:46:41,97.3
2026-09-06 14:46:41,97.4
2026-09-06 14:46:42,97.3
2026-09-06 14:46:42,96.9
2026-09-06 14:46:43,97.3
2026-09-06 14:46:43,97.7
2026-09-06 14:46:44,97.5
2026-09-06 14:46:44,97.4
2026-09-06 14:46:45,97.0
2026-09-06 14:46:45,97.4
2026-09-06 14:46:46,97.6
2026-09-06 14:46:46,97.7
2026-09-06 14:46:47,98.0
2026-09-06 14:46:47,97.9
2026-09-06 14:46:48,98.0
2026-09-06 14:46:48,98.3
2026-09-06 14:46:49,97.8
2026-09-06 14:46:49,98.1
2026-09-06 14:46:50,98.6
2026-09-06 14:46:50,98.7
2026-09-06 14:46:51,98.4
2026-09-06 14:46:51,98.4
2026-09-06 14:46:52,98.7
2026-09-06 14:46:52,98.5
2026-09-06 14:46:53,98.9
2026-09-06 14:46:53,98.5
2026-09-06 14:46:54,98.7
2026-09-06 14:46:54,98.9
2026-09-06 14:46:55,98.6
2026-09-06 14:46:55,99.1
2026-09-06 14:46:56,98.7
2026-09-06 14:46:56,99.0
2026-09-06 14:46:57,98.6
2026-09-06 14:46:57,98.4
2026-09-06 14:46:58,98.4
2026-09-06 14:46:58,98.2
2026-09-06 14:46:59,98.2
2026-09-06 14:46:59,97.7
2026-09-06 14:47:00,97.6
2026-09-06 14:47:00,97.5
2026-09-06 14:47:01,97.6
2026-09-06 14:47:01,97.3
2026-09-06 14:47:02,97.1
2026-09-06 14:47:02,96.9
2026-09-06 14:47:03,96.8
2026-09-06 14:47:03,97.1
2026-09-06 14:47:04,97.4
2026-09-06 14:47:04,97.2
2026-09-06 14:47:05,97.6
2026-09-06 14:47:05,97.5
2026-09-06 14:47:06,97.9
2026-09-06 14:47:06,98.1
2026-09-06 14:47:07,98.1
2026-09-06 14:47:07,98.1
2026-09-06 14:47:08,98.5
2026-09-06 14:47:08,98.1
2026-09-06 14:47:09,98.2
2026-09-06 14:47:09,98.1
2026-09-06 14:47:10,98.5
2026-09-06 14:47:10,98.9
2026-09-06 14:47:11,98.7
2026-09-06 14:47:11,98.7
2026-09-06 14:47:12,98.3
2026-09-06 14:47:12,98.3
2026-09-06 14:47:13,97.9
2026-09-06 14:47:13,98.2
2026-09-06 14:47:14,98.2
2026-09-06 14:47:14,98.5
2026-09-06 14:47:15,98.5
2026-09-06 14:47:15,98.3
2026-09-06 14:47:16,97.9
2026-09-06 14:47:16,97.9
2026-09-06 14:47:17,97.9
2026-09-06 14:47:17,98.3
2026-09-06 14:47:18,98.8
2026-09-06 14:47:18,98.9
2026-09-06 14:47:19,99.1
2026-09-06 14:47:19,99.2
2026-09-06 14:47:20,99.2
2026-09-06 14:47:20,99.2
2026-09-06 14:47:21,99.7
2026-09-06 14:47:21,99.7
2026-09-06 14:47:22,99.3
2026-09-06 14:47:22,99.7
2026-09-06 14:47:23,100
2026-09-06 14:47:23,99.6
2026-09-06 14:47:24,100
2026-09-06 14:47:24,100
2026-09-06 14:47:25,100
2026-09-06 14:47:25,100.0
2026-09-06 14:47:26,99.8
2026-09-06 14:47:26,100
2026-09-06 14:47:27,100
2026-09-06 14:47:27,101
2026-09-06 14:47:28,100
2026-09-06 14:47:28,99.9
2026-09-06 14:47:29,100
2026-09-06 14:47:29,100
2026-09-06 14:47:30,100.0
2026-09-06 14:47:30,100.0
2026-09-06 14:47:31,100
2026-09-06 14:47:31,100
2026-09-06 14:47:32,100
2026-09-06 14:47:32,100
2026-09-06 14:47:33,100
2026-09-06 14:47:33,99.8
2026-09-06 14:47:34,100
2026-09-06 14:47:34,100.0
2026-09-06 14:47:35,99.6
2026-09-06 14:47:35,99.4
2026-09-06 14:47:36,99.7
2026-09-06 14:47:36,99.5
2026-09-06 14:47:37,99.1
2026-09-06 14:47:37,98.6
2026-09-06 14:47:38,98.3
2026-09-06 14:47:38,97.9
2026-09-06 14:47:39,98.0
2026-09-06 14:47:39,97.7
2026-09-06 14:47:40,98.1
2026-09-06 14:47:40,98.4
2026-09-06 14:47:41,97.9
2026-09-06 14:47:41,98.3
2026-09-06 14:47:42,98.4
2026-09-06 14:47:42,98.0
2026-09-06 14:47:43,98.1
2026-09-06 14:47:43,98.1
2026-09-06 14:47:44,98.0
2026-09-06 14:47:44,97.8
2026-09-06 14:47:45,97.5
2026-09-06 14:47:45,97.9
2026-09-06 14:47:46,98.4
2026-09-06 14:47:46,98.6
2026-09-06 14:47:47,99.0
2026-09-06 14:47:47,98.6
2026-09-06 14:47:48,98.5
2026-09-06 14:47:48,98.2
2026-09-06 14:47:49,97.7
2026-09-06 14:47:49,97.6
2026-09-06 14:47:50,97.6
2026-09-06 14:47:50,97.7
2026-09-06 14:47:51,97.8
2026-09-06 14:47:51,98.0
2026-09-06 14:47:52,98.2
2026-09-06 14:47:52,98.5
2026-09-06 14:47:53,98.1
2026-09-06 14:47:53,97.9
2026-09-06 14:47:54,98.0
2026-09-06 14:47:54,97.7
2026-09-06 14:47:55,97.9
2026-09-06 14:47:55,98.4
2026-09-06 14:47:56,98.5
2026-09-06 14:47:56,98.3
2026-09-06 14:47:57,97.9
2026-09-06 14:47:57,97.7
2026-09-06 14:47:58,98.2
2026-09-06 14:47:58,98.4
2026-09-06 14:47:59,98.8
2026-09-06 14:47:59,98.4
2026-09-06 14:48:00,98.8
2026-09-06 14:48:00,98.3
2026-09-06 14:48:01,98.6
2026-09-06 14:48:01,98.5
2026-09-06 14:48:02,98.3
2026-09-06 14:48:02,98.4
2026-09-06 14:48:03,97.9
2026-09-06 14:48:03,97.6
2026-09-06 14:48:04,97.2
2026-09-06 14:48:04,96.8
2026-09-06 14:48:05,97.1
2026-09-06 14:48:05,97.2
2026-09-06 14:48:06,97.7
2026-09-06 14:48:06,97.5
2026-09-06 14:48:07,97.6
2026-09-06 14:48:07,97.5
2026-09-06 14:48:08,97.7
2026-09-06 14:48:08,97.8
2026-09-06 14:48:09,98.2
2026-09-06 14:48:09,98.5
2026-09-06 14:48:10,98.6
2026-09-06 14:48:10,98.7
2026-09-06 14:48:11,98.5
2026-09-06 14:48:11,98.8
2026-09-06 14:48:12,98.7
2026-09-06 14:48:12,98.8
2026-09-06 14:48:13,98.4
2026-09-06 14:48:13,98.5
2026-09-06 14:48:14,98.7
2026-09-06 14:48:14,98.9
2026-09-06 14:48:15,98.5
2026-09-06 14:48:15,98.9
2026-09-06 14:48:16,99.3
2026-09-06 14:48:16,99.5
2026-09-06 14:48:17,99.4
2026-09-06 14:48:17,99.8
2026-09-06 14:48:18,99.5
2026-09-06 14:48:18,99.6
2026-09-06 14:48:19,99.5
2026-09-06 14:48:19,100
2026-09-06 14:48:20,100
2026-09-06 14:48:20,100
2026-09-06 14:48:21,99.6
2026-09-06 14:48:21,100.0
2026-09-06 14:48:22,99.9
2026-09-06 14:48:22,100
2026-09-06 14:48:23,100
2026-09-06 14:48:23,100
2026-09-06 14:48:24,100
2026-09-06 14:48:24,100
2026-09-06 14:48:25,101
2026-09-06 14:48:25,101
2026-09-06 14:48:26,100
2026-09-06 14:48:26,100
2026-09-06 14:48:27,100
2026-09-06 14:48:27,100.0
2026-09-06 14:48:28,99.9
2026-09-06 14:48:28,99.6
2026-09-06 14:48:29,99.6
2026-09-06 14:48:29,99.5
2026-09-06 14:48:30,99.9
2026-09-06 14:48:30,100
2026-09-06 14:48:31,101
2026-09-06 14:48:31,101
2026-09-06 14:48:32,101
2026-09-06 14:48:32,101
2026-09-06 14:48:33,101
2026-09-06 14:48:33,101
2026-09-06 14:48:34,101
2026-09-06 14:48:34,101
2026-09-06 14:48:35,101
2026-09-06 14:48:35,100
2026-09-06 14:48:36,100
2026-09-06 14:48:36,100
2026-09-06 14:48:37,100
2026-09-06 14:48:37,100
2026-09-06 14:48:38,100
2026-09-06 14:48:38,100
2026-09-06 14:48:39,101
2026-09-06 14:48:39,101
2026-09-06 14:48:40,101
2026-09-06 14:48:40,101
2026-09-06 14:48:41,101
2026-09-06 14:48:41,101
2026-09-06 14:48:42,101
2026-09-06 14:48:42,101
2026-09-06 14:48:43,101
2026-09-06 14:48:43,101
2026-09-06 14:48:44,101
2026-09-06 14:48:44,101
2026-09-06 14:48:45,100
2026-09-06 14:48:45,100
2026-09-06 14:48:46,101
2026-09-06 14:48:46,101
2026-09-06 14:48:47,100
2026-09-06 14:48:47,101
2026-09-06 14:48:48,101
2026-09-06 14:48:48,100
2026-09-06 14:48:49,100
2026-09-06 14:48:49,100
2026-09-06 14:48:50,100
2026-09-06 14:48:50,100.0
2026-09-06 14:48:51,100.0
2026-09-06 14:48:51,100
2026-09-06 14:48:52,99.6
2026-09-06 14:48:52,99.7
2026-09-06 14:48:53,100
2026-09-06 14:48:53,100
2026-09-06 14:48:54,99.7
2026-09-06 14:48:54,99.8
2026-09-06 14:48:55,100
2026-09-06 14:48:55,101
2026-09-06 14:48:56,100
2026-09-06 14:48:56,100
2026-09-06 14:48:57,99.9
2026-09-06 14:48:57,100
2026-09-06 14:48:58,100
2026-09-06 14:48:58,101
2026-09-06 14:48:59,101
2026-09-06 14:48:59,100
2026-09-06 14:49:00,99.8
2026-09-06 14:49:00,100
2026-09-06 14:49:01,100
2026-09-06 14:49:01,101
2026-09-06 14:49:02,100
2026-09-06 14:49:02,100.0
2026-09-06 14:49:03,100
2026-09-06 14:49:03,100
2026-09-06 14:49:04,101
2026-09-06 14:49:04,101
2026-09-06 14:49:05,101
2026-09-06 14:49:05,100
2026-09-06 14:49:06,100
2026-09-06 14:49:06,101
2026-09-06 14:49:07,101
2026-09-06 14:49:07,101
2026-09-06 14:49:08,101
2026-09-06 14:49:08,102
2026-09-06 14:49:09,102
2026-09-06 14:49:09,102
2026-09-06 14:49:10,103
2026-09-06 14:49:10,102
2026-09-06 14:49:11,102
2026-09-06 14:49:11,103
2026-09-06 14:49:12,102
2026-09-06 14:49:12,103
2026-09-06 14:49:13,102
2026-09-06 14:49:13,102
2026-09-06 14:49:14,103
2026-09-06 14:49:14,102
2026-09-06 14:49:15,102
2026-09-06 14:49:15,101
2026-09-06 14:49:16,102
2026-09-06 14:49:16,102
2026-09-06 14:49:17,102
2026-09-06 14:49:17,102
2026-09-06 14:49:18,102
2026-09-06 14:49:18,102
2026-09-06 14:49:19,102
2026-09-06 14:49:19,102
2026-09-06 14:49:20,102
2026-09-06 14:49:20,102
2026-09-06 14:49:21,103
2026-09-06 14:49:21,103
2026-09-06 14:49:22,103
2026-09-06 14:49:22,103
2026-09-06 14:49:23,103
2026-09-06 14:49:23,102
2026-09-06 14:49:24,103
2026-09-06 14:49:24,102
2026-09-06 14:49:25,102
2026-09-06 14:49:25,103
2026-09-06 14:49:26,102
2026-09-06 14:49:26,103
2026-09-06 14:49:27,102
2026-09-06 14:49:27,102
2026-09-06 14:49:28,101
2026-09-06 14:49:28,102
2026-09-06 14:49:29,102
2026-09-06 14:49:29,101
2026-09-06 14:49:30,101
2026-09-06 14:49:30,101
2026-09-06 14:49:31,101
2026-09-06 14:49:31,101
2026-09-06 14:49:32,101
2026-09-06 14:49:32,102
2026-09-06 14:49:33,102
2026-09-06 14:49:33,102
2026-09-06 14:49:34,103
2026-09-06 14:49:34,103
2026-09-06 14:49:35,103
2026-09-06 14:49:35,103
2026-09-06 14:49:36,103
2026-09-06 14:49:36,103
2026-09-06 14:49:37,103
2026-09-06 14:49:37,103
2026-09-06 14:49:38,103
2026-09-06 14:49:38,103
2026-09-06 14:49:39,104
2026-09-06 14:49:39,104
2026-09-06 14:49:40,104
2026-09-06 14:49:40,103
2026-09-06 14:49:41,103
2026-09-06 14:49:41,103
2026-09-06 14:49:42,104
2026-09-06 14:49:42,104
2026-09-06 14:49:43,104
2026-09-06 14:49:43,104
2026-09-06 14:49:44,103
2026-09-06 14:49:44,103
2026-09-06 14:49:45,103
2026-09-06 14:49:45,103
2026-09-06 14:49:46,103
2026-09-06 14:49:46,103
2026-09-06 14:49:47,103
2026-09-06 14:49:47,103
2026-09-06 14:49:48,103
2026-09-06 14:49:48,103
2026-09-06 14:49:49,103
2026-09-06 14:49:49,103
2026-09-06 14:49:50,103
2026-09-06 14:49:50,103
2026-09-06 14:49:51,103
2026-09-06 14:49:51,103
2026-09-06 14:49:52,103
2026-09-06 14:49:52,102
2026-09-06 14:49:53,102
2026-09-06 14:49:53,102
2026-09-06 14:49:54,103
2026-09-06 14:49:54,102
2026-09-06 14:49:55,102
2026-09-06 14:49:55,102
2026-09-06 14:49:56,103
2026-09-06 14:49:56,102
2026-09-06 14:49:57,102
2026-09-06 14:49:57,102
2026-09-06 14:49:58,102
2026-09-06 14:49:58,102
2026-09-06 14:49:59,102
2026-09-06 14:49:59,102
2026-09-06 14:50:00,102
2026-09-06 14:50:00,102
2026-09-06 14:50:01,101
2026-09-06 14:50:01,101
2026-09-06 14:50:02,101
2026-09-06 14:50:02,101
2026-09-06 14:50:03,101
2026-09-06 14:50:03,101
2026-09-06 14:50:04,101
2026-09-06 14:50:04,101
2026-09-06 14:50:05,101
2026-09-06 14:50:05,101
2026-09-06 14:50:06,101
2026-09-06 14:50:06,101
2026-09-06 14:50:07,101
2026-09-06 14:50:07,100
2026-09-06 14:50:08,100
2026-09-06 14:50:08,101
2026-09-06 14:50:09,101
2026-09-06 14:50:09,100
2026-09-06 14:50:10,100
2026-09-06 14:50:10,100
2026-09-06 14:50:11,99.9
2026-09-06 14:50:11,100
2026-09-06 14:50:12,100
2026-09-06 14:50:12,101
2026-09-06 14:50:13,101
2026-09-06 14:50:13,100
2026-09-06 14:50:14,99.9
2026-09-06 14:50:14,100.0
2026-09-06 14:50:15,99.8
2026-09-06 14:50:15,100
2026-09-06 14:50:16,99.8
2026-09-06 14:50:16,99.5
2026-09-06 14:50:17,99.8
2026-09-06 14:50:17,99.6
2026-09-06 14:50:18,99.6
2026-09-06 14:50:18,99.3
2026-09-06 14:50:19,99.2
2026-09-06 14:50:19,98.9
2026-09-06 14:50:20,98.8
2026-09-06 14:50:20,98.8
2026-09-06 14:50:21,98.7
2026-09-06 14:50:21,99.1
2026-09-06 14:50:22,99.3
2026-09-06 14:50:22,99.6
2026-09-06 14:50:23,100
2026-09-06 14:50:23,100
2026-09-06 14:50:24,100
2026-09-06 14:50:24,100
2026-09-06 14:50:25,100
2026-09-06 14:50:25,100
2026-09-06 14:50:26,101
2026-09-06 14:50:26,100
2026-09-06 14:50:27,100
2026-09-06 14:50:27,100
2026-09-06 14:50:28,100.0
2026-09-06 14:50:28,100
2026-09-06 14:50:29,101
2026-09-06 14:50:29,101
2026-09-06 14:50:30,100
2026-09-06 14:50:30,100
2026-09-06 14:50:31,100
2026-09-06 14:50:31,101
2026-09-06 14:50:32,101
2026-09-06 14:50:32,101
2026-09-06 14:50:33,101
2026-09-06 14:50:33,101
2026-09-06 14:50:34,101
2026-09-06 14:50:34,100
2026-09-06 14:50:35,101
2026-09-06 14:50:35,101
2026-09-06 14:50:36,101
2026-09-06 14:50:36,100
2026-09-06 14:50:37,100
2026-09-06 14:50:37,99.9
2026-09-06 14:50:38,99.5
2026-09-06 14:50:38,99.8
2026-09-06 14:50:39,100
2026-09-06 14:50:39,100
2026-09-06 14:50:40,100
2026-09-06 14:50:40,99.8
2026-09-06 14:50:41,100
2026-09-06 14:50:41,101
2026-09-06 14:50:42,101
2026-09-06 14:50:42,101
2026-09-06 14:50:43,100
2026-09-06 14:50:43,101
2026-09-06 14:50:44,101
2026-09-06 14:50:44,101
2026-09-06 14:50:45,101
2026-09-06 14:50:45,101
2026-09-06 14:50:46,100
2026-09-06 14:50:46,101
2026-09-06 14:50:47,101
2026-09-06 14:50:47,102
2026-09-06 14:50:48,101
2026-09-06 14:50:48,101
2026-09-06 14:50:49,101
2026-09-06 14:50:49,102
2026-09-06 14:50:50,102
2026-09-06 14:50:50,102
2026-09-06 14:50:51,102
2026-09-06 14:50:51,102
2026-09-06 14:50:52,101
2026-09-06 14:50:52,101
2026-09-06 14:50:53,101
2026-09-06 14:50:53,101
2026-09-06 14:50:54,101
2026-09-06 14:50:54,100
2026-09-06 14:50:55,100
2026-09-06 14:50:55,101
2026-09-06 14:50:56,100
2026-09-06 14:50:56,100
2026-09-06 14:50:57,99.6
2026-09-06 14:50:57,99.9
2026-09-06 14:50:58,100.0
2026-09-06 14:50:58,100
2026-09-06 14:50:59,100
2026-09-06 14:50:59,100
2026-09-06 14:51:00,99.8
2026-09-06 14:51:00,100.0
2026-09-06 14:51:01,99.7
2026-09-06 14:51:01,99.4
2026-09-06 14:51:02,99.3
2026-09-06 14:51:02,99.0
2026-09-06 14:51:03,99.0
2026-09-06 14:51:03,98.6
2026-09-06 14:51:04,98.8
2026-09-06 14:51:04,98.8
2026-09-06 14:51:05,99.0
2026-09-06 14:51:05,98.9
2026-09-06 14:51:06,98.4
2026-09-06 14:51:06,98.8
2026-09-06 14:51:07,99.3
2026-09-06 14:51:07,99.1
2026-09-06 14:51:08,98.7
2026-09-06 14:51:08,98.4
2026-09-06 14:51:09,98.1
2026-09-06 14:51:09,98.3
2026-09-06 14:51:10,98.5
2026-09-06 14:51:10,98.5
2026-09-06 14:51:11,98.7
2026-09-06 14:51:11,98.9
2026-09-06 14:51:12,99.0
2026-09-06 14:51:12,98.5
2026-09-06 14:51:13,98.4
2026-09-06 14:51:13,98.2
2026-09-06 14:51:14,97.9
2026-09-06 14:51:14,97.6
2026-09-06 14:51:15,97.1
2026-09-06 14:51:15,96.8
2026-09-06 14:51:16,96.7
2026-09-06 14:51:16,96.8
2026-09-06 14:51:17,97.1
2026-09-06 14:51:17,97.0
2026-09-06 14:51:18,97.1
2026-09-06 14:51:18,97.2
2026-09-06 14:51:19,96.8
2026-09-06 14:51:19,96.5
2026-09-06 14:51:20,96.8
2026-09-06 14:51:20,97.1
2026-09-06 14:51:21,97.0
2026-09-06 14:51:21,96.6
2026-09-06 14:51:22,97.0
2026-09-06 14:51:22,96.8
2026-09-06 14:51:23,97.1
2026-09-06 14:51:23,97.1
2026-09-06 14:51:24,97.3
2026-09-06 14:51:24,97.2
2026-09-06 14:51:25,97.3
2026-09-06 14:51:25,97.6
2026-09-06 14:51:26,97.6
2026-09-06 14:51:26,98.0
2026-09-06 14:51:27,98.3
2026-09-06 14:51:27,98.5
2026-09-06 14:51:28,98.4
2026-09-06 14:51:28,98.1
2026-09-06 14:51:29,98.1
2026-09-06 14:51:29,98.1
2026-09-06 14:51:30,97.8
2026-09-06 14:51:30,98.2
2026-09-06 14:51:31,98.3
2026-09-06 14:51:31,98.2
2026-09-06 14:51:32,97.8
2026-09-06 14:51:32,97.5
2026-09-06 14:51:33,97.7
2026-09-06 14:51:33,98.0
2026-09-06 14:51:34,98.5
2026-09-06 14:51:34,98.1
2026-09-06 14:51:35,98.3
2026-09-06 14:51:35,98.6
2026-09-06 14:51:36,98.3
2026-09-06 14:51:36,97.8
2026-09-06 14:51:37,98.1
2026-09-06 14:51:37,97.7
2026-09-06 14:51:38,97.3
2026-09-06 14:51:38,97.1
2026-09-06 14:51:39,97.3
2026-09-06 14:51:39,97.4
2026-09-06 14:51:40,97.8
2026-09-06 14:51:40,98.2
2026-09-06 14:51:41,98.4
2026-09-06 14:51:41,98.6
2026-09-06 14:51:42,98.3
2026-09-06 14:51:42,97.9
2026-09-06 14:51:43,98.2
2026-09-06 14:51:43,98.1
2026-09-06 14:51:44,98.3
2026-09-06 14:51:44,98.6
2026-09-06 14:51:45,99.1
2026-09-06 14:51:45,98.9
2026-09-06 14:51:46,98.8
2026-09-06 14:51:46,98.7
2026-09-06 14:51:47,99.1
2026-09-06 14:51:47,99.5
2026-09-06 14:51:48,99.9
2026-09-06 14:51:48,100
2026-09-06 14:51:49,99.8
2026-09-06 14:51:49,99.7
2026-09-06 14:51:50,99.6
2026-09-06 14:51:50,99.4
2026-09-06 14:51:51,99.6
2026-09-06 14:51:51,99.5
2026-09-06 14:51:52,100
2026-09-06 14:51:52,99.6
2026-09-06 14:51:53,99.8
2026-09-06 14:51:53,100
2026-09-06 14:51:54,99.9
2026-09-06 14:51:54,100
2026-09-06 14:51:55,99.9
2026-09-06 14:51:55,99.6
2026-09-06 14:51:56,99.2
2026-09-06 14:51:56,99.2
2026-09-06 14:51:57,99.5
2026-09-06 14:51:57,99.9
2026-09-06 14:51:58,99.6
2026-09-06 14:51:58,99.2
2026-09-06 14:51:59,99.2
2026-09-06 14:51:59,99.1
2026-09-06 14:52:00,99.3
2026-09-06 14:52:00,99.5
2026-09-06 14:52:01,99.1
2026-09-06 14:52:01,99.6
2026-09-06 14:52:02,99.8
2026-09-06 14:52:02,99.5
2026-09-06 14:52:03,99.3
2026-09-06 14:52:03,99.6
2026-09-06 14:52:04,99.8
2026-09-06 14:52:04,100
2026-09-06 14:52:05,100
2026-09-06 14:52:05,100
2026-09-06 14:52:06,101
2026-09-06 14:52:06,101
2026-09-06 14:52:07,101
2026-09-06 14:52:07,102
2026-09-06 14:52:08,102
2026-09-06 14:52:08,102
2026-09-06 14:52:09,102
2026-09-06 14:52:09,102
2026-09-06 14:52:10,102
2026-09-06 14:52:10,101
2026-09-06 14:52:11,101
2026-09-06 14:52:11,100
2026-09-06 14:52:12,101
2026-09-06 14:52:12,101
2026-09-06 14:52:13,101
2026-09-06 14:52:13,101
2026-09-06 14:52:14,101
2026-09-06 14:52:14,101
2026-09-06 14:52:15,101
2026-09-06 14:52:15,101
2026-09-06 14:52:16,102
2026-09-06 14:52:16,102
2026-09-06 14:52:17,101
2026-09-06 14:52:17,101
2026-09-06 14:52:18,101
2026-09-06 14:52:18,102
2026-09-06 14:52:19,101
2026-09-06 14:52:19,101
2026-09-06 14:52:20,101
2026-09-06 14:52:20,101
2026-09-06 14:52:21,101
2026-09-06 14:52:21,101
2026-09-06 14:52:22,102
2026-09-06 14:52:22,101
2026-09-06 14:52:23,101
2026-09-06 14:52:23,101
2026-09-06 14:52:24,100
2026-09-06 14:52:24,100
2026-09-06 14:52:25,100
2026-09-06 14:52:25,101
2026-09-06 14:52:26,101
2026-09-06 14:52:26,100
2026-09-06 14:52:27,101
2026-09-06 14:52:27,101
2026-09-06 14:52:28,101
2026-09-06 14:52:28,101
2026-09-06 14:52:29,101
2026-09-06 14:52:29,101
2026-09-06 14:52:30,101
2026-09-06 14:52:30,100
2026-09-06 14:52:31,100
2026-09-06 14:52:31,101
2026-09-06 14:52:32,101
2026-09-06 14:52:32,101
2026-09-06 14:52:33,101
2026-09-06 14:52:33,101
2026-09-06 14:52:34,101
2026-09-06 14:52:34,101
2026-09-06 14:52:35,101
2026-09-06 14:52:35,101
2026-09-06 14:52:36,101
2026-09-06 14:52:36,101
2026-09-06 14:52:37,102
2026-09-06 14:52:37,101
2026-09-06 14:52:38,101
2026-09-06 14:52:38,102
2026-09-06 14:52:39,102
2026-09-06 14:52:39,102
2026-09-06 14:52:40,102
2026-09-06 14:52:40,102
2026-09-06 14:52:41,102
2026-09-06 14:52:41,102
2026-09-06 14:52:42,102
2026-09-06 14:52:42,102
2026-09-06 14:52:43,102
2026-09-06 14:52:43,102
2026-09-06 14:52:44,103
2026-09-06 14:52:44,103
2026-09-06 14:52:45,103
2026-09-06 14:52:45,103
2026-09-06 14:52:46,103
2026-09-06 14:52:46,103
2026-09-06 14:52:47,104
2026-09-06 14:52:47,104
2026-09-06 14:52:48,103
2026-09-06 14:52:48,103
2026-09-06 14:52:49,104
2026-09-06 14:52:49,104
2026-09-06 14:52:50,104
2026-09-06 14:52:50,104
2026-09-06 14:52:51,104
2026-09-06 14:52:51,104
2026-09-06 14:52:52,104
2026-09-06 14:52:52,104
2026-09-06 14:52:53,103
2026-09-06 14:52:53,103
2026-09-06 14:52:54,103
2026-09-06 14:52:54,103
2026-09-06 14:52:55,103
2026-09-06 14:52:55,103
2026-09-06 14:52:56,103
2026-09-06 14:52:56,102
2026-09-06 14:52:57,103
2026-09-06 14:52:57,103
2026-09-06 14:52:58,102
2026-09-06 14:52:58,102
2026-09-06 14:52:59,102
2026-09-06 14:52:59,102
2026-09-06 14:53:00,103
2026-09-06 14:53:00,102
2026-09-06 14:53:01,103
2026-09-06 14:53:01,102
2026-09-06 14:53:02,102
2026-09-06 14:53:02,102
2026-09-06 14:53:03,102
2026-09-06 14:53:03,102
2026-09-06 14:53:04,103
2026-09-06 14:53:04,102
2026-09-06 14:53:05,102
2026-09-06 14:53:05,102
2026-09-06 14:53:06,102
2026-09-06 14:53:06,102
2026-09-06 14:53:07,102
2026-09-06 14:53:07,102
2026-09-06 14:53:08,103
2026-09-06 14:53:08,102
2026-09-06 14:53:09,102
2026-09-06 14:53:09,102
2026-09-06 14:53:10,102
2026-09-06 14:53:10,102
2026-09-06 14:53:11,102
2026-09-06 14:53:11,102
2026-09-06 14:53:12,102
2026-09-06 14:53:12,102
2026-09-06 14:53:13,102
2026-09-06 14:53:13,102
2026-09-06 14:53:14,102
2026-09-06 14:53:14,102
2026-09-06 14:53:15,102
2026-09-06 14:53:15,101
2026-09-06 14:53:16,102
2026-09-06 14:53:16,101
2026-09-06 14:53:17,102
2026-09-06 14:53:17,102
2026-09-06 14:53:18,101
2026-09-06 14:53:18,102
2026-09-06 14:53:19,102
2026-09-06 14:53:19,101
2026-09-06 14:53:20,101
2026-09-06 14:53:20,101
2026-09-06 14:53:21,101
2026-09-06 14:53:21,102
2026-09-06 14:53:22,101
2026-09-06 14:53:22,101
2026-09-06 14:53:23,101
2026-09-06 14:53:23,101
2026-09-06 14:53:24,101
2026-09-06 14:53:24,101
2026-09-06 14:53:25,102
2026-09-06 14:53:25,102
2026-09-06 14:53:26,103
2026-09-06 14:53:26,103
2026-09-06 14:53:27,102
2026-09-06 14:53:27,102
2026-09-06 14:53:28,102
2026-09-06 14:53:28,102
2026-09-06 14:53:29,102
2026-09-06 14:53:29,101
2026-09-06 14:53:30,102
2026-09-06 14:53:30,101
2026-09-06 14:53:31,102
2026-09-06 14:53:31,102
2026-09-06 14:53:32,102
2026-09-06 14:53:32,102
2026-09-06 14:53:33,103
2026-09-06 14:53:33,102
2026-09-06 14:53:34,102
2026-09-06 14:53:34,102
2026-09-06 14:53:35,102
2026-09-06 14:53:35,102
2026-09-06 14:53:36,102
2026-09-06 14:53:36,102
2026-09-06 14:53:37,102
2026-09-06 14:53:37,102
2026-09-06 14:53:38,101
2026-09-06 14:53:38,102
2026-09-06 14:53:39,101
2026-09-06 14:53:39,102
2026-09-06 14:53:40,102
2026-09-06 14:53:40,102
2026-09-06 14:53:41,103
2026-09-06 14:53:41,102
2026-09-06 14:53:42,102
2026-09-06 14:53:42,102
2026-09-06 14:53:43,102
2026-09-06 14:53:43,102
2026-09-06 14:53:44,102
2026-09-06 14:53:44,102
2026-09-06 14:53:45,102
2026-09-06 14:53:45,101
2026-09-06 14:53:46,101
2026-09-06 14:53:46,102
2026-09-06 14:53:47,102
2026-09-06 14:53:47,102
2026-09-06 14:53:48,102
2026-09-06 14:53:48,102
2026-09-06 14:53:49,102
2026-09-06 14:53:49,102
2026-09-06 14:53:50,103
2026-09-06 14:53:50,102
2026-09-06 14:53:51,103
2026-09-06 14:53:51,102
2026-09-06 14:53:52,102
2026-09-06 14:53:52,102
2026-09-06 14:53:53,102
2026-09-06 14:53:53,102
2026-09-06 14:53:54,102
2026-09-06 14:53:54,103
2026-09-06 14:53:55,103
2026-09-06 14:53:55,103
2026-09-06 14:53:56,103
2026-09-06 14:53:56,104
2026-09-06 14:53:57,104
2026-09-06 14:53:57,104
2026-09-06 14:53:58,105
2026-09-06 14:53:58,105
2026-09-06 14:53:59,104
2026-09-06 14:53:59,105
2026-09-06 14:54:00,104
2026-09-06 14:54:00,104
2026-09-06 14:54:01,104
2026-09-06 14:54:01,103
2026-09-06 14:54:02,103
2026-09-06 14:54:02,103
2026-09-06 14:54:03,104
2026-09-06 14:54:03,103
2026-09-06 14:54:04,104
2026-09-06 14:54:04,104
2026-09-06 14:54:05,104
2026-09-06 14:54:05,105
2026-09-06 14:54:06,104
2026-09-06 14:54:06,104
2026-09-06 14:54:07,104
2026-09-06 14:54:07,104
2026-09-06 14:54:08,104
2026-09-06 14:54:08,104
2026-09-06 14:54:09,104
2026-09-06 14:54:09,103
2026-09-06 14:54:10,103
2026-09-06 14:54:10,103
2026-09-06 14:54:11,103
2026-09-06 14:54:11,103
2026-09-06 14:54:12,103
2026-09-06 14:54:12,102
2026-09-06 14:54:13,102
2026-09-06 14:54:13,102
2026-09-06 14:54:14,102
2026-09-06 14:54:14,102
2026-09-06 14:54:15,102
2026-09-06 14:54:15,102
2026-09-06 14:54:16,102
2026-09-06 14:54:16,102
2026-09-06 14:54:17,102
2026-09-06 14:54:17,102
2026-09-06 14:54:18,102
2026-09-06 14:54:18,102
2026-09-06 14:54:19,102
2026-09-06 14:54:19,102
2026-09-06 14:54:20,102
2026-09-06 14:54:20,102
2026-09-06 14:54:21,101
2026-09-06 14:54:21,102
2026-09-06 14:54:22,102
2026-09-06 14:54:22,102
2026-09-06 14:54:23,102
2026-09-06 14:54:23,102
2026-09-06 14:54:24,101
2026-09-06 14:54:24,101
2026-09-06 14:54:25,101
2026-09-06 14:54:25,101
2026-09-06 14:54:26,101
2026-09-06 14:54:26,101
2026-09-06 14:54:27,101
2026-09-06 14:54:27,101
2026-09-06 14:54:28,101
2026-09-06 14:54:28,102
2026-09-06 14:54:29,102
2026-09-06 14:54:29,102
2026-09-06 14:54:30,102
2026-09-06 14:54:30,102
2026-09-06 14:54:31,102
2026-09-06 14:54:31,102
2026-09-06 14:54:32,102
2026-09-06 14:54:32,103
2026-09-06 14:54:33,102
2026-09-06 14:54:33,102
2026-09-06 14:54:34,102
2026-09-06 14:54:34,102
2026-09-06 14:54:35,102
2026-09-06 14:54:35,102
2026-09-06 14:54:36,102
2026-09-06 14:54:36,102
2026-09-06 14:54:37,102
2026-09-06 14:54:37,102
2026-09-06 14:54:38,103
2026-09-06 14:54:38,103
2026-09-06 14:54:39,103
2026-09-06 14:54:39,103
2026-09-06 14:54:40,103
2026-09-06 14:54:40,103
2026-09-06 14:54:41,103
2026-09-06 14:54:41,103
2026-09-06 14:54:42,103
2026-09-06 14:54:42,104
2026-09-06 14:54:43,104
2026-09-06 14:54:43,104
2026-09-06 14:54:44,105
2026-09-06 14:54:44,104
2026-09-06 14:54:45,104
2026-09-06 14:54:45,104
2026-09-06 14:54:46,105
2026-09-06 14:54:46,105
2026-09-06 14:54:47,105
2026-09-06 14:54:47,105
2026-09-06 14:54:48,104
2026-09-06 14:54:48,104
2026-09-06 14:54:49,105
2026-09-06 14:54:49,104
2026-09-06 14:54:50,104
2026-09-06 14:54:50,104
2026-09-06 14:54:51,105
2026-09-06 14:54:51,105
2026-09-06 14:54:52,105
2026-09-06 14:54:52,105
2026-09-06 14:54:53,105
2026-09-06 14:54:53,104
2026-09-06 14:54:54,104
2026-09-06 14:54:54,105
2026-09-06 14:54:55,105
2026-09-06 14:54:55,105
2026-09-06 14:54:56,105
2026-09-06 14:54:56,105
2026-09-06 14:54:57,105
2026-09-06 14:54:57,105
2026-09-06 14:54:58,105
2026-09-06 14:54:58,105
2026-09-06 14:54:59,105
2026-09-06 14:54:59,104
2026-09-06 14:55:00,105
2026-09-06 14:55:00,105
2026-09-06 14:55:01,104
2026-09-06 14:55:01,104
2026-09-06 14:55:02,104
2026-09-06 14:55:02,104
2026-09-06 14:55:03,104
2026-09-06 14:55:03,104
2026-09-06 14:55:04,104
2026-09-06 14:55:04,104
2026-09-06 14:55:05,104
2026-09-06 14:55:05,103
2026-09-06 14:55:06,103
2026-09-06 14:55:06,104
2026-09-06 14:55:07,104
2026-09-06 14:55:07,104
2026-09-06 14:55:08,104
2026-09-06 14:55:08,104
2026-09-06 14:55:09,104
2026-09-06 14:55:09,105
2026-09-06 14:55:10,105
2026-09-06 14:55:10,105
2026-09-06 14:55:11,105
2026-09-06 14:55:11,105
2026-09-06 14:55:12,105
2026-09-06 14:55:12,105
2026-09-06 14:55:13,105
2026-09-06 14:55:13,105
2026-09-06 14:55:14,105
2026-09-06 14:55:14,105
2026-09-06 14:55:15,104
2026-09-06 14:55:15,104
2026-09-06 14:55:16,104
2026-09-06 14:55:16,104
2026-09-06 14:55:17,104
2026-09-06 14:55:17,104
2026-09-06 14:55:18,104
2026-09-06 14:55:18,105
2026-09-06 14:55:19,105
2026-09-06 14:55:19,104
2026-09-06 14:55:20,104
2026-09-06 14:55:20,105
2026-09-06 14:55:21,104
2026-09-06 14:55:21,104
2026-09-06 14:55:22,104
2026-09-06 14:55:22,104
2026-09-06 14:55:23,104
2026-09-06 14:55:23,103
2026-09-06 14:55:24,103
2026-09-06 14:55:24,104
2026-09-06 14:55:25,104
2026-09-06 14:55:25,104
2026-09-06 14:55:26,104
2026-09-06 14:55:26,104
2026-09-06 14:55:27,104
2026-09-06 14:55:27,104
2026-09-06 14:55:28,104
2026-09-06 14:55:28,104
2026-09-06 14:55:29,104
2026-09-06 14:55:29,104
2026-09-06 14:55:30,105
2026-09-06 14:55:30,105
2026-09-06 14:55:31,104
2026-09-06 14:55:31,104
2026-09-06 14:55:32,105
2026-09-06 14:55:32,104
2026-09-06 14:55:33,104
2026-09-06 14:55:33,104
2026-09-06 14:55:34,104
2026-09-06 14:55:34,105
2026-09-06 14:55:35,105
2026-09-06 14:55:35,105
2026-09-06 14:55:36,105
2026-09-06 14:55:36,105
2026-09-06 14:55:37,105
2026-09-06 14:55:37,105
2026-09-06 14:55:38,106
2026-09-06 14:55:38,106
2026-09-06 14:55:39,106
2026-09-06 14:55:39,106
2026-09-06 14:55:40,105
2026-09-06 14:55:40,106
2026-09-06 14:55:41,106
2026-09-06 14:55:41,106
2026-09-06 14:55:42,106
2026-09-06 14:55:42,107
2026-09-06 14:55:43,107
2026-09-06 14:55:43,107
2026-09-06 14:55:44,107
2026-09-06 14:55:44,107
2026-09-06 14:55:45,107
2026-09-06 14:55:45,107
2026-09-06 14:55:46,107
2026-09-06 14:55:46,107
2026-09-06 14:55:47,107
2026-09-06 14:55:47,107
2026-09-06 14:55:48,107
2026-09-06 14:55:48,107
2026-09-06 14:55:49,108
2026-09-06 14:55:49,107
2026-09-06 14:55:50,107
2026-09-06 14:55:50,108
2026-09-06 14:55:51,108
2026-09-06 14:55:51,107
2026-09-06 14:55:52,108
2026-09-06 14:55:52,108
2026-09-06 14:55:53,108
2026-09-06 14:55:53,108
2026-09-06 14:55:54,108
2026-09-06 14:55:54,108
2026-09-06 14:55:55,107
2026-09-06 14:55:55,107
2026-09-06 14:55:56,107
2026-09-06 14:55:56,107
2026-09-06 14:55:57,107
2026-09-06 14:55:57,107
2026-09-06 14:55:58,107
2026-09-06 14:55:58,107
2026-09-06 14:55:59,107
2026-09-06 14:55:59,107
2026-09-06 14:56:00,107
2026-09-06 14:56:00,107
2026-09-06 14:56:01,107
2026-09-06 14:56:01,108
2026-09-06 14:56:02,108
2026-09-06 14:56:02,108
2026-09-06 14:56:03,108
2026-09-06 14:56:03,108
2026-09-06 14:56:04,108
2026-09-06 14:56:04,108
2026-09-06 14:56:05,108
2026-09-06 14:56:05,108
2026-09-06 14:56:06,107
2026-09-06 14:56:06,107
2026-09-06 14:56:07,107
2026-09-06 14:56:07,107
2026-09-06 14:56:08,108
2026-09-06 14:56:08,108
2026-09-06 14:56:09,108
2026-09-06 14:56:09,108
2026-09-06 14:56:10,108
2026-09-06 14:56:10,108
2026-09-06 14:56:11,107
2026-09-06 14:56:11,107
2026-09-06 14:56:12,108
2026-09-06 14:56:12,108
2026-09-06 14:56:13,108
2026-09-06 14:56:13,109
2026-09-06 14:56:14,108
2026-09-06 14:56:14,108
2026-09-06 14:56:15,108
2026-09-06 14:56:15,108
2026-09-06 14:56:16,108
2026-09-06 14:56:16,108
2026-09-06 14:56:17,107
2026-09-06 14:56:17,107
2026-09-06 14:56:18,107
2026-09-06 14:56:18,107
2026-09-06 14:56:19,107
2026-09-06 14:56:19,107
2026-09-06 14:56:20,107
2026-09-06 14:56:20,106
2026-09-06 14:56:21,107
2026-09-06 14:56:21,107
2026-09-06 14:56:22,107
2026-09-06 14:56:22,107
2026-09-06 14:56:23,107
2026-09-06 14:56:23,107
2026-09-06 14:56:24,107
2026-09-06 14:56:24,108
2026-09-06 14:56:25,107
2026-09-06 14:56:25,108
2026-09-06 14:56:26,108
2026-09-06 14:56:26,108
2026-09-06 14:56:27,109
2026-09-06 14:56:27,108
2026-09-06 14:56:28,108
2026-09-06 14:56:28,109
2026-09-06 14:56:29,109
2026-09-06 14:56:29,109
2026-09-06 14:56:30,109
2026-09-06 14:56:30,109
2026-09-06 14:56:31,110
2026-09-06 14:56:31,110
2026-09-06 14:56:32,110
2026-09-06 14:56:32,109
2026-09-06 14:56:33,110
2026-09-06 14:56:33,110
2026-09-06 14:56:34,110
2026-09-06 14:56:34,110
2026-09-06 14:56:35,110
2026-09-06 14:56:35,110
2026-09-06 14:56:36,110
2026-09-06 14:56:36,110
2026-09-06 14:56:37,110
2026-09-06 14:56:37,110
2026-09-06 14:56:38,110
2026-09-06 14:56:38,110
2026-09-06 14:56:39,110
2026-09-06 14:56:39,110
2026-09-06 14:56:40,110
2026-09-06 14:56:40,109
2026-09-06 14:56:41,109
2026-09-06 14:56:41,109
2026-09-06 14:56:42,109
2026-09-06 14:56:42,109
2026-09-06 14:56:43,108
2026-09-06 14:56:43,108
2026-09-06 14:56:44,108
2026-09-06 14:56:44,108
2026-09-06 14:56:45,108
2026-09-06 14:56:45,108
2026-09-06 14:56:46,108
2026-09-06 14:56:46,108
2026-09-06 14:56:47,108
2026-09-06 14:56:47,108
2026-09-06 14:56:48,108
2026-09-06 14:56:48,108
2026-09-06 14:56:49,109
2026-09-06 14:56:49,108
2026-09-06 14:56:50,108
2026-09-06 14:56:50,107
2026-09-06 14:56:51,107
2026-09-06 14:56:51,107
2026-09-06 14:56:52,108
2026-09-06 14:56:52,108
2026-09-06 14:56:53,108
2026-09-06 14:56:53,108
2026-09-06 14:56:54,108
2026-09-06 14:56:54,108
2026-09-06 14:56:55,109
2026-09-06 14:56:55,109
2026-09-06 14:56:56,109
2026-09-06 14:56:56,109
2026-09-06 14:56:57,109
2026-09-06 14:56:57,109
2026-09-06 14:56:58,109
2026-09-06 14:56:58,109
2026-09-06 14:56:59,109
2026-09-06 14:56:59,108
2026-09-06 14:57:00,108
2026-09-06 14:57:00,109
2026-09-06 14:57:01,109
2026-09-06 14:57:01,109
2026-09-06 14:57:02,110
2026-09-06 14:57:02,109
2026-09-06 14:57:03,110
2026-09-06 14:57:03,110
2026-09-06 14:57:04,110
2026-09-06 14:57:04,109
2026-09-06 14:57:05,109
2026-09-06 14:57:05,109
2026-09-06 14:57:06,109
2026-09-06 14:57:06,109
2026-09-06 14:57:07,108
2026-09-06 14:57:07,108
2026-09-06 14:57:08,108
2026-09-06 14:57:08,107
2026-09-06 14:57:09,107
2026-09-06 14:57:09,107
2026-09-06 14:57:10,107
2026-09-06 14:57:10,108
2026-09-06 14:57:11,107
2026-09-06 14:57:11,107
2026-09-06 14:57:12,107
2026-09-06 14:57:12,108
2026-09-06 14:57:13,108
2026-09-06 14:57:13,107
2026-09-06 14:57:14,107
2026-09-06 14:57:14,108
2026-09-06 14:57:15,107
2026-09-06 14:57:15,107